"entity","type","trigger","state","one-shot","damages","random","replay","sync","path"
"MineScript","trap","collide","pressed/exploded/timeSincePressed","no","yes","yes","press visual (mine/pressedSprite) + explosion sound/particle/blastmark/shake/body damage/destroy","covered","MinePressed + MineExploded"
"SpikeStabberScript","trap","trigger","activated","yes","yes","no","stab anim/sound/damage","covered","SpikeStabbed"
"BearTrap","trap","trigger","activated/caughtLimb","no","yes","no","closeSprite/sound + release","covered","BearTrapClamped/Released"
"BarbedFence","trap","trigger","hitSprite","no","yes","no","hitSprite/fence sound","covered","BarbedFenceHit"
"CoilScript","trap","collide","cooldown","no","yes","no","zap sound/light/shake","covered","CoilShocked"
"CactusScript","trap","collide","health","no","yes","no","gore sound + self-damage health","covered","CactusHit + BuildingEntityDamaged silent (PV21)"
"JumpPadScript","trap","collide","cooldown","no","no","no","light blink/jumppad sound","covered","JumpPadLaunched"
"StalactiteDropper","trap","trigger/detect","dropped","yes","yes","no","fall/DamagingCrate","covered","StalactiteDropped"
"GeyserScript","trap","trigger","rumbleTime/liquidType","no","no","yes","rumble/liquid eruption","covered","GeyserActivated"
"SoundCannon","trap","detect","spent/charging","yes","yes","no","spent/cancel charge","covered","SoundCannonFired"
"TurretScript","trap","detect","health/cooldown","no","yes","no","tracers/gunshot + explosion/body/destroy","covered","TurretFired/TurretSelfDestructed"
"CrystalElectric","trap","collide","cooldown","no","yes","no","zap/shake","covered","CrystalElectricShocked"
"CrystalFragile","trap","collide","health","yes","no","no","destroy/drop","covered","CrystalFragileBroken"
"CaveTickSpawner","trap","trigger","started","yes","no","no","nest destroy/particles/sound","covered","CaveTicksSpawned"
"BananaPlantSlip","trap","trigger","none","no","yes","no","plantslip sound","covered","BananaPlantSlip"
"GrabberPlant","trap","detect","grabBody","no","yes","no","scream sound","covered","GrabberGrabbed layout key + EnemyEffectMsg terminal state"
"ShuttleStartOpen","lifepod","trigger","activated","yes","no","no","door anim/shuttleOpen sound","covered","ShuttleDoorOpened"
"LifepodController","lifepod","click","heatState","no","no","no","heat color/heater state","covered","LifepodHeatChanged"
"LifepodShower","lifepod","click","activated","yes","no","no","particles/cleanse","covered","LifepodShowerActivated"
"Heater","lifepod","field","cooker","no","no","no","raw-to-cooked item","covered","ItemCook (NetMsg 92) — host conversion event; temperature field excluded (local body effect, rides the 1 Hz character stream)"
"BioTerminalScript","unlock","click","none","yes","no","no","Backgroundify door","covered","BioTerminalUnlocked"
"ScrapEaterScript","unlock","click","scrapAmount","no","no","no","progress/Backgroundify door","covered","ScrapEaterProgress"
"MedStationScript","unlock","trigger","didHeal","yes","yes","no","laser anim/heal/Backgroundify","covered","MedStationHealed"
"BatteryRecharger","unlock","click","items/firstTime","no","no","no","slot/charge/mp3","covered","BatteryInserted"
"TraderScript","trade","field","reputation/inventory/hostility","no","yes","yes","trade UI/inventory","covered","trade domain #132 + TraderSwing hostile swing"
"Talker","trade","field","none","no","no","no","speech bubble","covered","SpeechMsg (NetMsg 74)"
"LampScript","trade","collide","none","yes","no","no","light break/reputation","covered","trade domain #132"
"CrystalUnstable","crystal","collide","timer","yes","yes","yes","flash/explosion/destroy","covered","CrystalUnstableExploded (26) + CrystalUnstableTicked (32) — the 5 s pre-explosion ticking (glow ramp + jitter + crystaltick sound) rides the transient Ticked event; the explosion (health0 + RemoteEntityDeath) is the durable consumption"
"CrystalMetamorphic","crystal","collide","health","yes","no","yes","destroy/items","covered","CrystalMetamorphicTriggered (27)"
"CrystalMimic","crystal","collide","activated","yes","no","no","observerlaugh + spawn enemies (EntitySpawned)","covered","CrystalMimicTriggered (30); enemies ride EntitySpawned + EnemyRuntimeSpawn; crystalenemy tint rides EntitySpawned/EnemySnapshot (PV24)"
"CrystalShy","crystal","collide","none","no","no","no","position swap","covered","CrystalShySwapped (28); scan order risk recorded"
"CrystalEMP","crystal","collide","activated","yes","no","no","black visual","covered","CrystalEMPActivated (29)"
"CrystalBurning","crystal","collide","none","no","no","no","none","excluded","local body effect"
"CrystalTemperature","crystal","collide","none","no","no","no","none","excluded","local body effect"
"CrystalSeptic","crystal","collide","none","no","no","no","none","excluded","local body effect"
"CrystalHealing","crystal","collide","none","no","no","no","none","excluded","local body effect"
"CrystalBlinding","crystal","collide","none","no","no","no","none","excluded","local body effect"
"CrystalIrradiated","crystal","collide","none","no","no","no","none","excluded","local body effect"
"CrystalGravity","crystal","collide","none","no","no","no","none","excluded","local physics"
"CrystalKinetic","crystal","collide","none","no","no","no","none","excluded","local physics"
"CrystalDripping","fluid","field","none","no","no","no","dripping","covered","FluidRegion/FluidWorldSync"
"FluidManager","fluid","field","fluid grid","no","no","no","water grid + water-push/waterflow sound","covered","FluidRegion/FluidWorldSync + FluidPresentation (NetMsg 96)"
"OilPipeScript","fluid","field","coolTime","no","no","yes","oil production","covered","FluidRegion/FluidWorldSync"
"LifepodPump","fluid","field","none","no","no","yes","pump","covered","FluidRegion/FluidWorldSync"
"CorpseScript","environment","field","health","no","no","no","corpse hp/loot","covered","BuildingEntity/GeneratedItemAuthority"
"SurvivorNote","environment","click","none","yes","no","no","slowmo","excluded","local UI + local time-scale (accepted divergence)"
"TutorialHandler","environment","story","none","no","no","yes","claw items","covered","TutorialClawStateMsg — host 20Hz claw presentation stream; per-side course/props remain by design"
"GrapplingHook","environment","use","fired/hookLatched/pulling","no","no","no","fired sprite (rope local projection)","covered","RemoteItemPresentation"
"Climbable","environment","field","none","no","no","no","climb","excluded","local body"
"BounceShroom","environment","field","none","no","no","no","bounce","excluded","local physics"
"GeigeFruitScript","environment","field","none","no","no","no","none","excluded","local body"
"LeadbushScript","environment","field","none","no","no","no","none","excluded","local body"
"CampfireAnimation","environment","field","none","no","no","no","none","excluded","pure visual"
"WaterPusher","environment","field","none","no","no","no","water push/slip","covered","FluidPresentation (NetMsg 96)"
"ItemLock","environment","field","none","no","no","no","none","excluded","marker only"
"RadioactiveObject","environment","field","none","no","no","no","none","excluded","local body field"
"XalorisScript","environment","field","none","no","no","no","none","covered","EnemyEffectMsg septic tick"
"Openable","building","click","health","yes","no","no","open anim/drops","covered","BuildingEntityOpened"
"BuildingEntity","building","click","health","no","no","no","break/drops","covered","BuildingEntityDamaged"
"DrillPod","building","click","working","no","no","no","repair/world reset","excluded","WorldJoin-level"
"GunmineScript","building","collide","none","no","yes","no","shoot","excluded","hand-placed"
"SawbladeScript","building","collide","none","no","yes","no","saw","excluded","hand-placed"
"SpiderHandler","creature","field","none","no","yes","yes","AI/leg IK","covered","EnemyState stream (SpiderLegTargets) + EnemyAttack/EnemyBite events + ClawAnim replay"
"CaveTicks","creature","field","none","no","yes","yes","AI/leg IK","covered","EnemyState stream (SpiderLegTargets) + EnemyAttack/EnemyBite events + ClawAnim replay"
"ElderThornbackBehaviour","creature","field","none","no","yes","yes","AI","covered","EnemyState stream + EnemyEffectMsg horror events"
"CrystalEnemy","creature","field","none","no","yes","yes","AI","covered","EnemyState stream (CrystalWindup telegraph) + EnemyAttack/EnemyLunge events; runtime crystalenemy tint rides EntitySpawned/EnemySnapshot (PV24)"
"CrystalTeleport","crystal","collide","none","no","no","yes","observerlaugh 2D + FlashBrief","covered","CrystalTeleportTriggered (EntityEventKind 33) + 20 Hz player stream"
